MLA1371335087	MLA	Microondas Atma Easy Cook Mr1720npi   Blanco 20l 220v	76999	100	http://http2.mlstatic.com/D_804133-MLU72611785165_112023-I.jpg	20231102
MLA1500678666	MLA	Microondas Digital Philco Mpd8720n 20l 700w	83299	250	http://http2.mlstatic.com/D_667595-MLU72490821160_102023-I.jpg	20231102
MLA1498154454	MLA	Microondas Digital Atma Matdb20cn Negro 20 Lts 700w	91999	5	http://http2.mlstatic.com/D_979405-MLU72492096746_102023-I.jpg	20231102
MLA912327437	MLA	Microondas Philco Mpr8520npi   Blanco 20l 220v	86999	50	http://http2.mlstatic.com/D_982917-MLA52930801098_122022-I.jpg	20231102
MLA1439947020	MLA	Microondas Grill Atma Md1820gn   Acero Inoxidable 17l 220v	105999	500	http://http2.mlstatic.com/D_913746-MLU72542374064_112023-I.jpg	20231102
MLA1384428618	MLA	Microondas Bgh Quick Chef B120ds20 Silver 20l 220v	115999	500	http://http2.mlstatic.com/D_888488-MLU72491993276_102023-I.jpg	20231102
MLA932432342	MLA	Microondas Bgh B120m20 Mecánico Quick Chef Blanco 20 Litros	86999	5000	http://http2.mlstatic.com/D_682494-MLU72561009509_102023-I.jpg	20231102
MLA1394183593	MLA	Microondas Atma Vintage Md1820vn   Blanco 20l 220v	97299	4	http://http2.mlstatic.com/D_640576-MLA41816931234_052020-I.jpg	20231102
MLA905647065	MLA	Samsung Mg23f3k3ta Mg23f3k3tas/bg - Negro - 220v	137798.7	50	http://http2.mlstatic.com/D_870966-MLU72561067192_112023-I.jpg	20231102
MLA1142420159	MLA	Microondas Atma Easy Cook Md1720n 700w Blanco 20l 220v	82999	500	http://http2.mlstatic.com/D_797289-MLA40172152547_122019-I.jpg	20231102
MLA1439947018	MLA	Microondas Grill Atma Easy Cook Md1723gn   Blanco 23l 220v	97199	250	http://http2.mlstatic.com/D_841928-MLA41331177484_042020-I.jpg	20231102
MLA922504050	MLA	Microondas Bgh Quick Chef B223ds20 Digital Eco 23l	140600	5	http://http2.mlstatic.com/D_939276-MLU72490821246_102023-I.jpg	20231102
MLA1510957524	MLA	Microondas Empotrable Con Grill Samsung 22l 2350w Ceramico	790350	5	http://http2.mlstatic.com/D_965085-MLA53101676129_122022-I.jpg	20231102
MLA1111920725	MLA	Microondas Grill Atma Easy Cook Md1728gn   Blanco 28l 220v	101405	500	http://http2.mlstatic.com/D_794209-MLA52990426350_122022-I.jpg	20231102
MLA1551371070	MLA	Microondas Grill Atma Md1823gn   Acero Inoxidable 23l 220v	111890	2	http://http2.mlstatic.com/D_984740-MLA41433583964_042020-I.jpg	20231102
MLA1142117802	MLA	Microondas Bgh Eco Negro Digital 23 Litros 800w 220v Negro	139885	5	http://http2.mlstatic.com/D_723240-MLA49854576698_052022-I.jpg	20231102
MLA1137670032	MLA	Microondas Bgh Eco Negro Digital 20 Litros 700w Monofunción	114519.38	5	http://http2.mlstatic.com/D_915495-MLA51372282399_092022-I.jpg	20231102
MLA1376198493	MLA	Microondas Rca Rw20dig - Negro - 220v 20l	92999	250	http://http2.mlstatic.com/D_750344-MLA52851207163_122022-I.jpg	20231102
MLA1144365877	MLA	Microondas Whirlpool Wms20as 700w Inoxidable 20 Lts	134999	500	http://http2.mlstatic.com/D_847282-MLA52930756490_122022-I.jpg	20231102
MLA1408509012	MLA	Microondas Digital Con Grill Renacer 23lts Cr823mg Primera	99999	100	http://http2.mlstatic.com/D_772171-MLA47425763143_092021-I.jpg	20231102
MLA1375093301	MLA	Microondas Grill Philco 91mpg8428npi   Blanco 28l 220v	105299	150	http://http2.mlstatic.com/D_991812-MLA54406391229_032023-I.jpg	20231102
MLA1487494324	MLA	Microondas Grill Whirlpool Wms25a   Inoxidable 25l 230v - 240v	159261	50	http://http2.mlstatic.com/D_785514-MLA52127401082_102022-I.jpg	20231102
MLA1485882120	MLA	Horno Microondas Con Grill LG - 42 Litros Mh8298dir	273999	25	http://http2.mlstatic.com/D_976163-MLA51780078343_092022-I.jpg	20231102
MLA1442997532	MLA	Microondas Grill Ariston Md 554 Ix A   Acero Inoxidable 31l 220v - 240v	619641.9	5	http://http2.mlstatic.com/D_642603-MLA51984851219_102022-I.jpg	20231102
MLA1509003038	MLA	Microondas Grill Digital Siam Mdgsi28n 28 Lts 900w	116999	250	http://http2.mlstatic.com/D_670012-MLU72491316428_102023-I.jpg	20231102
MLA1139238525	MLA	Microondas Daewoo 23 Litros Bifunción Digital 800w Blanco	99429	500	http://http2.mlstatic.com/D_770827-MLU72273620596_102023-I.jpg	20231102
MLA1395771082	MLA	Daewoo D120d - Negro - 220v	95499	200	http://http2.mlstatic.com/D_706719-MLU69495833599_052023-I.jpg	20231102
MLA1376788129	MLA	Microondas Grill Samsung Mg28f3k3t   Plata 28l 220v	201450	4	http://http2.mlstatic.com/D_978260-MLA31499536130_072019-I.jpg	20231102
MLA1179755843	MLA	Microondas Bgh Quick Chef B120db9   Blanco 20l 220v	89999.99	50	http://http2.mlstatic.com/D_888866-MLA52989257393_122022-I.jpg	20231102
MLA1393584469	MLA	Microondas Kelvinator K20dig   Silver 20l 220v	82999	3	http://http2.mlstatic.com/D_743427-MLA46258145936_062021-I.jpg	20231102
MLA921499437	MLA	Microondas Samsung 20 Litros Blanco Me731k-kd	125900	50	http://http2.mlstatic.com/D_646224-MLA46794084190_072021-I.jpg	20231102
MLA1394375929	MLA	Microondas Hitplus Cm296dg 29lts Con Grill 900watts Blanco	102977.1	null	http://http2.mlstatic.com/D_748305-MLU70884569476_082023-I.jpg	20231102
MLA1491600296	MLA	Microondas Grill Bgh B228dn20   Negro 28l 220v	148552	5	http://http2.mlstatic.com/D_845375-MLA50864926173_072022-I.jpg	20231102
MLA913231614	MLA	Microondas Grill Bgh Quick Chef B228db9   Blanco 28l 220v	135573	250	http://http2.mlstatic.com/D_697705-MLA52911289729_122022-I.jpg	20231102
MLA1548448582	MLA	Microondas Empotrable Atma Matbds25api 25l 900w	296599	null	http://http2.mlstatic.com/D_671876-MLU72560385871_102023-I.jpg	20231102
MLA1417745974	MLA	Microondas 29 Litros Digital Con Grill Rca Rw29dg 900w	93592	5	http://http2.mlstatic.com/D_823055-MLU69296225632_052023-I.jpg	20231102
MLA925844721	MLA	Microondas Bgh 28 Litros 220v 1500w Digital Eco B228ds20	174899	250	http://http2.mlstatic.com/D_685390-MLU72491323848_102023-I.jpg	20231102
MLA1240290242	MLA	Microondas Grill Digital Sansei Mdgsa23npi 23l 800w	100775	500	http://http2.mlstatic.com/D_931640-MLU72639570231_112023-I.jpg	20231102
MLA1309714612	MLA	Microondas Aurora Rupha 20.2   Negro 19l 220v	86099	50	http://http2.mlstatic.com/D_971504-MLA52216593278_102022-I.jpg	20231102
MLA1390180349	MLA	Horno Microondas Siam Mdsi20n 20 Litros 700w Digital Blanco	82307	5	http://http2.mlstatic.com/D_845373-MLU72491930158_102023-I.jpg	20231102
MLA1510957086	MLA	Microondas Grill Samsung Mg22m8054a   Negro 22l 230v	844460	5	http://http2.mlstatic.com/D_818622-MLU72535365622_102023-I.jpg	20231102
MLA1328863540	MLA	Microondas Sansei Mdsa20npi   Blanco 20l 220v	125843	1	http://http2.mlstatic.com/D_876251-MLA50709053505_072022-I.jpg	20231102
MLA1538575828	MLA	Microondas Grill Samsung Mc28m6055 Negro 28l 230v	306561	2	http://http2.mlstatic.com/D_880488-MLU72563928212_112023-I.jpg	20231102
MLA1421674468	MLA	Microondas Con Grill Samsung 23 Litros Silver Mg23f3k3tas Color Gris Con Negro	145999	2	http://http2.mlstatic.com/D_745623-MLA52027686937_102022-I.jpg	20231102
MLA1398531962	MLA	Microondas Daewoo D120m - Blanco 20lts - 220v	82999	200	http://http2.mlstatic.com/D_826413-MLU72102119992_102023-I.jpg	20231102
MLA924926367	MLA	Microonda Philco Mpd8620 700w 20litros Digital	83999	250	http://http2.mlstatic.com/D_551215-MLA25146898020_112016-I.jpg	20231102
MLA1330405131	MLA	Ari Mp 776 Ix A - Acero Inoxidable - 230v	910750	2	http://http2.mlstatic.com/D_775150-MLA46794084377_072021-I.jpg	20231102
MLA1375782149	MLA	Microondas Grill Digital Siam Mdgsi23n 23 Lts 800w	151899	1	http://http2.mlstatic.com/D_703029-MLU72491964890_102023-I.jpg	20231102
MLA1344778521	MLA	Likon Li23g-s20 - Blanco - 220v	86449.99	25	http://http2.mlstatic.com/D_906824-MLA51780007081_092022-I.jpg	20231102
MLA923194525	MLA	Microondas Grill Whirlpool Jq280   Blanco 27l 220v	196999	50	http://http2.mlstatic.com/D_812346-MLA50952588743_082022-I.jpg	20231102
